{
"apiVersion": "V2",
"assemblies": [
{
  "files": [
    {
      "filePath": "assembly_data_report.jsonl",
      "fileType": "DATA_REPORT",
      "uncompressedLengthBytes": "43020"
    }
  ]
},{
  "accession": "GCA_019059595.1",
  "files": [
    {
      "filePath": "GCA_019059595.1/GCA_019059595.1_ASM1905959v1_genomic.fna",
      "fileType": "GENOMIC_NUCLEOTIDE_FASTA",
      "uncompressedLengthBytes": "807935331"
    }
  ]
},{
  "accession": "GCA_027410445.1",
  "files": [
    {
      "filePath": "GCA_027410445.1/GCA_027410445.1_aDisPic1.pri_genomic.fna",
      "fileType": "GENOMIC_NUCLEOTIDE_FASTA",
      "uncompressedLengthBytes": "3921149673"
    }
  ]
},{
  "accession": "GCA_038048745.1",
  "files": [
    {
      "filePath": "GCA_038048745.1/GCA_038048745.1_rColCon1_p1.0_genomic.fna",
      "fileType": "GENOMIC_NUCLEOTIDE_FASTA",
      "uncompressedLengthBytes": "1852039127"
    }
  ]
},{
  "accession": "GCA_039654755.1",
  "files": [
    {
      "filePath": "GCA_039654755.1/GCA_039654755.1_RI_Cla_1.0_genomic.fna",
      "fileType": "GENOMIC_NUCLEOTIDE_FASTA",
      "uncompressedLengthBytes": "1169164889"
    }
  ]
},{
  "accession": "GCA_910589605.1",
  "files": [
    {
      "filePath": "GCA_910589605.1/GCA_910589605.1_ilChrCulm1.1_genomic.fna",
      "fileType": "GENOMIC_NUCLEOTIDE_FASTA",
      "uncompressedLengthBytes": "653297149"
    }
  ]
},{
  "accession": "GCA_963662175.1",
  "files": [
    {
      "filePath": "GCA_963662175.1/GCA_963662175.1_ihAraDepr1.1_genomic.fna",
      "fileType": "GENOMIC_NUCLEOTIDE_FASTA",
      "uncompressedLengthBytes": "706467813"
    }
  ]
},{
  "accession": "GCA_963930835.2",
  "files": [
    {
      "filePath": "GCA_963930835.2/GCA_963930835.2_odSpoOffi2.2_genomic.fna",
      "fileType": "GENOMIC_NUCLEOTIDE_FASTA",
      "uncompressedLengthBytes": "132074485"
    }
  ]
},{
  "accession": "GCA_963932275.1",
  "files": [
    {
      "filePath": "GCA_963932275.1/GCA_963932275.1_iyAndPrae1.1_genomic.fna",
      "fileType": "GENOMIC_NUCLEOTIDE_FASTA",
      "uncompressedLengthBytes": "570178843"
    }
  ]
},{
  "accession": "GCF_027791375.1",
  "files": [
    {
      "filePath": "GCF_027791375.1/GCF_027791375.1_UM_Iind_1.1_genomic.fna",
      "fileType": "GENOMIC_NUCLEOTIDE_FASTA",
      "uncompressedLengthBytes": "1161796288"
    }
  ]
},{
  "accession": "GCF_036588685.1",
  "files": [
    {
      "filePath": "GCF_036588685.1/GCF_036588685.1_PNRI_Mtr1.1.1.hap1_genomic.fna",
      "fileType": "GENOMIC_NUCLEOTIDE_FASTA",
      "uncompressedLengthBytes": "1314905059"
    }
  ]
}]}
