kmer	Chondria_armata
AAAAA	1648568
AAAAC	921047
AAAAG	945349
AAAAT	1508436
AAACA	830660
AAACC	548102
AAACG	655904
AAACT	732869
AAAGA	884034
AAAGC	572975
AAAGG	563898
AAAGT	762158
AAATA	1014648
AAATC	786076
AAATG	889623
AAATT	1336897
AACAA	887306
AACAC	486403
AACAG	605467
AACAT	700977
AACCA	549161
AACCC	345162
AACCG	461827
AACCT	407355
AACGA	669920
AACGC	449719
AACGG	504703
AACGT	495545
AACTA	456739
AACTC	476986
AACTG	571245
AACTT	705865
AAGAA	1074580
AAGAC	589653
AAGAG	532477
AAGAT	704691
AAGCA	547728
AAGCC	395277
AAGCG	452349
AAGCT	493444
AAGGA	609092
AAGGC	399601
AAGGG	356379
AAGGT	473256
AAGTA	558114
AAGTC	581389
AAGTG	487855
AAGTT	707652
AATAA	874127
AATAC	550547
AATAG	510655
AATAT	898366
AATCA	711042
AATCC	439634
AATCG	591263
AATCT	577956
AATGA	812572
AATGC	493359
AATGG	580651
AATGT	702361
AATTA	724047
AATTC	692539
AATTG	738258
AATTT	1338259
ACAAA	877058
ACAAC	637731
ACAAG	563669
ACAAT	689724
ACACA	466778
ACACC	432322
ACACG	371469
ACACT	405859
ACAGA	587188
ACAGC	470412
ACAGG	366547
ACAGT	619976
ACATA	479042
ACATC	598385
ACATG	497074
ACATT	700578
ACCAA	602701
ACCAC	475737
ACCAG	413819
ACCAT	530828
ACCCA	358080
ACCCC	284596
ACCCG	318252
ACCCT	292289
ACCGA	534617
ACCGC	411381
ACCGG	368928
ACCGT	457573
ACCTA	247232
ACCTC	427852
ACCTG	352832
ACCTT	470551
ACGAA	715224
ACGAC	646975
ACGAG	464887
ACGAT	575010
ACGCA	398758
ACGCC	412322
ACGCG	368140
ACGCT	349941
ACGGA	523915
ACGGC	439121
ACGGG	320829
ACGGT	458099
ACGTA	352441
ACGTC	558386
ACGTG	369198
ACGTT	494006
ACTAA	372997
ACTAC	428199
ACTAG	237501
ACTAT	439951
ACTCA	409701
ACTCC	369300
ACTCG	406099
ACTCT	387607
ACTGA	518727
ACTGC	453687
ACTGG	417710
ACTGT	618971
ACTTA	372865
ACTTC	657654
ACTTG	540549
ACTTT	763604
AGAAA	1028580
AGAAC	565800
AGAAG	746960
AGAAT	655498
AGACA	498309
AGACC	359351
AGACG	516307
AGACT	402877
AGAGA	528248
AGAGC	369474
AGAGG	395937
AGAGT	388801
AGATA	512880
AGATC	479916
AGATG	597345
AGATT	578892
AGCAA	540848
AGCAC	401836
AGCAG	464260
AGCAT	420923
AGCCA	371337
AGCCC	252843
AGCCG	380400
AGCCT	275514
AGCGA	451957
AGCGC	361326
AGCGG	372499
AGCGT	349358
AGCTA	280346
AGCTC	421822
AGCTG	439771
AGCTT	492957
AGGAA	634341
AGGAC	396829
AGGAG	429816
AGGAT	432444
AGGCA	321252
AGGCC	266959
AGGCG	367368
AGGCT	275840
AGGGA	341360
AGGGC	256571
AGGGG	253092
AGGGT	291749
AGGTA	331531
AGGTC	369953
AGGTG	392668
AGGTT	407562
AGTAA	485593
AGTAC	442951
AGTAG	398049
AGTAT	466781
AGTCA	472404
AGTCC	355481
AGTCG	509855
AGTCT	402873
AGTGA	476398
AGTGC	376580
AGTGG	398055
AGTGT	405957
AGTTA	371880
AGTTC	526369
AGTTG	583819
AGTTT	732695
ATAAA	794227
ATAAC	430467
ATAAG	381916
ATAAT	731376
ATACA	533867
ATACC	384907
ATACG	383455
ATACT	467055
ATAGA	489280
ATAGC	318900
ATAGG	269079
ATAGT	440802
ATATA	550718
ATATC	641906
ATATG	562673
ATATT	898458
ATCAA	863740
ATCAC	516963
ATCAG	499222
ATCAT	746243
ATCCA	529477
ATCCC	332723
ATCCG	436952
ATCCT	430572
ATCGA	762979
ATCGC	499782
ATCGG	481908
ATCGT	575156
ATCTA	412283
ATCTC	527598
ATCTG	520224
ATCTT	704372
ATGAA	879325
ATGAC	606511
ATGAG	464169
ATGAT	750710
ATGCA	488655
ATGCC	367270
ATGCG	385945
ATGCT	421373
ATGGA	619891
ATGGC	441027
ATGGG	361525
ATGGT	533626
ATGTA	514972
ATGTC	589213
ATGTG	474274
ATGTT	701600
ATTAA	638537
ATTAC	489416
ATTAG	331753
ATTAT	730632
ATTCA	688517
ATTCC	530192
ATTCG	553007
ATTCT	653431
ATTGA	814250
ATTGC	532101
ATTGG	548476
ATTGT	688588
ATTTA	734990
ATTTC	980927
ATTTG	802423
ATTTT	1511605
CAAAA	1124173
CAAAC	674994
CAAAG	613722
CAAAT	802902
CAACA	724740
CAACC	523760
CAACG	547701
CAACT	581207
CAAGA	603992
CAAGC	473756
CAAGG	419659
CAAGT	538614
CAATA	629455
CAATC	588814
CAATG	625532
CAATT	738739
CACAA	552748
CACAC	396189
CACAG	393998
CACAT	471635
CACCA	545054
CACCC	373357
CACCG	473102
CACCT	390389
CACGA	434535
CACGC	338796
CACGG	333822
CACGT	370065
CACTA	331440
CACTC	372996
CACTG	460320
CACTT	488236
CAGAA	686599
CAGAC	444414
CAGAG	398090
CAGAT	522329
CAGCA	527162
CAGCC	376071
CAGCG	418309
CAGCT	438802
CAGGA	415793
CAGGC	309434
CAGGG	269344
CAGGT	352512
CAGTA	521911
CAGTC	456929
CAGTG	461021
CAGTT	571822
CATAA	461672
CATAC	431523
CATAG	314452
CATAT	562240
CATCA	720879
CATCC	517859
CATCG	623754
CATCT	594542
CATGA	500433
CATGC	369111
CATGG	405537
CATGT	496595
CATTA	474127
CATTC	593211
CATTG	624938
CATTT	888467
CCAAA	671876
CCAAC	519368
CCAAG	432704
CCAAT	548120
CCACA	416107
CCACC	460428
CCACG	339798
CCACT	396992
CCAGA	411093
CCAGC	389109
CCAGG	294643
CCAGT	418104
CCATA	391902
CCATC	575765
CCATG	405235
CCATT	578940
CCCAA	405219
CCCAC	311842
CCCAG	285933
CCCAT	359922
CCCCA	295345
CCCCC	234222
CCCCG	265899
CCCCT	251934
CCCGA	348516
CCCGC	305140
CCCGG	259647
CCCGT	318271
CCCTA	181251
CCCTC	333950
CCCTG	269152
CCCTT	354576
CCGAA	562820
CCGAC	524264
CCGAG	387867
CCGAT	481228
CCGCA	392698
CCGCC	454245
CCGCG	337409
CCGCT	370899
CCGGA	385825
CCGGC	374526
CCGGG	260218
CCGGT	367318
CCGTA	347594
CCGTC	551838
CCGTG	333382
CCGTT	503899
CCTAA	212670
CCTAC	260037
CCTAG	151001
CCTAT	269382
CCTCA	412726
CCTCC	446411
CCTCG	429553
CCTCT	395035
CCTGA	357374
CCTGC	329887
CCTGG	294988
CCTGT	366147
CCTTA	269997
CCTTC	581291
CCTTG	418680
CCTTT	562333
CGAAA	865433
CGAAC	569013
CGAAG	670709
CGAAT	555385
CGACA	661857
CGACC	515536
CGACG	765654
CGACT	506731
CGAGA	501420
CGAGC	464394
CGAGG	429987
CGAGT	407736
CGATA	503932
CGATC	599255
CGATG	623352
CGATT	590811
CGCAA	498298
CGCAC	406341
CGCAG	386582
CGCAT	385208
CGCCA	475289
CGCCC	336052
CGCCG	549522
CGCCT	367379
CGCGA	469611
CGCGC	404630
CGCGG	337362
CGCGT	366966
CGCTA	251101
CGCTC	412159
CGCTG	418476
CGCTT	449928
CGGAA	582135
CGGAC	426329
CGGAG	430824
CGGAT	437841
CGGCA	445131
CGGCC	389222
CGGCG	549275
CGGCT	379247
CGGGA	356314
CGGGC	294580
CGGGG	268204
CGGGT	318369
CGGTA	392378
CGGTC	443282
CGGTG	474529
CGGTT	460419
CGTAA	353567
CGTAC	426506
CGTAG	293059
CGTAT	383718
CGTCA	624341
CGTCC	486655
CGTCG	765166
CGTCT	514640
CGTGA	387496
CGTGC	378180
CGTGG	340293
CGTGT	371220
CGTTA	337359
CGTTC	575723
CGTTG	546151
CGTTT	653773
CTAAA	421971
CTAAC	269651
CTAAG	221403
CTAAT	331275
CTACA	431787
CTACC	323192
CTACG	292696
CTACT	396491
CTAGA	257456
CTAGC	181720
CTAGG	150872
CTAGT	237298
CTATA	297159
CTATC	395884
CTATG	313426
CTATT	509249
CTCAA	574425
CTCAC	353328
CTCAG	339161
CTCAT	462602
CTCCA	483300
CTCCC	333018
CTCCG	430828
CTCCT	429094
CTCGA	552469
CTCGC	395680
CTCGG	387827
CTCGT	462307
CTCTA	321970
CTCTC	425998
CTCTG	398571
CTCTT	532368
CTGAA	627825
CTGAC	432844
CTGAG	339766
CTGAT	499440
CTGCA	493741
CTGCC	370438
CTGCG	386379
CTGCT	461620
CTGGA	468868
CTGGC	345161
CTGGG	287086
CTGGT	412072
CTGTA	540468
CTGTC	503502
CTGTG	395402
CTGTT	603887
CTTAA	373420
CTTAC	364469
CTTAG	220039
CTTAT	379822
CTTCA	770972
CTTCC	606167
CTTCG	669691
CTTCT	743048
CTTGA	600466
CTTGC	440218
CTTGG	434056
CTTGT	562628
CTTTA	448215
CTTTC	773211
CTTTG	613371
CTTTT	946510
GAAAA	1316062
GAAAC	711765
GAAAG	774966
GAAAT	981151
GAACA	691817
GAACC	409333
GAACG	578666
GAACT	525946
GAAGA	1009559
GAAGC	547964
GAAGG	583918
GAAGT	660635
GAATA	616044
GAATC	524834
GAATG	599058
GAATT	693865
GACAA	719075
GACAC	433525
GACAG	505930
GACAT	588208
GACCA	496852
GACCC	275572
GACCG	444596
GACCT	369888
GACGA	842775
GACGC	440003
GACGG	555613
GACGT	557481
GACTA	326258
GACTC	375726
GACTG	456503
GACTT	583392
GAGAA	688476
GAGAC	412619
GAGAG	429465
GAGAT	529379
GAGCA	450135
GAGCC	290775
GAGCG	412859
GAGCT	423155
GAGGA	591670
GAGGC	332298
GAGGG	334647
GAGGT	429098
GAGTA	348530
GAGTC	376843
GAGTG	375213
GAGTT	478094
GATAA	549730
GATAC	435526
GATAG	396563
GATAT	642100
GATCA	580929
GATCC	379974
GATCG	601021
GATCT	479709
GATGA	824133
GATGC	464169
GATGG	579095
GATGT	601634
GATTA	420679
GATTC	524898
GATTG	590248
GATTT	786598
GCAAA	632440
GCAAC	467715
GCAAG	441107
GCAAT	532208
GCACA	430960
GCACC	386792
GCACG	379184
GCACT	375060
GCAGA	496517
GCAGC	433969
GCAGG	331004
GCAGT	454904
GCATA	336513
GCATC	463733
GCATG	370036
GCATT	492581
GCCAA	485303
GCCAC	354262
GCCAG	345595
GCCAT	442417
GCCCA	309427
GCCCC	223749
GCCCG	293814
GCCCT	256127
GCCGA	534514
GCCGC	415621
GCCGG	373425
GCCGT	437631
GCCTA	188950
GCCTC	332308
GCCTG	309730
GCCTT	400289
GCGAA	513747
GCGAC	494532
GCGAG	396896
GCGAT	499587
GCGCA	416746
GCGCC	348392
GCGCG	405313
GCGCT	359860
GCGGA	426981
GCGGC	415083
GCGGG	305988
GCGGT	410659
GCGTA	301636
GCGTC	439477
GCGTG	339070
GCGTT	444786
GCTAA	251716
GCTAC	298866
GCTAG	182078
GCTAT	318683
GCTCA	399379
GCTCC	342660
GCTCG	463464
GCTCT	369929
GCTGA	467950
GCTGC	433433
GCTGG	389163
GCTGT	471323
GCTTA	292684
GCTTC	545459
GCTTG	472630
GCTTT	571149
GGAAA	796707
GGAAC	462492
GGAAG	609626
GGAAT	531636
GGACA	474800
GGACC	281858
GGACG	489565
GGACT	356813
GGAGA	520153
GGAGC	343305
GGAGG	447852
GGAGT	370787
GGATA	393356
GGATC	380856
GGATG	522625
GGATT	438764
GGCAA	421873
GGCAC	317879
GGCAG	370863
GGCAT	368783
GGCCA	358308
GGCCC	204347
GGCCG	388229
GGCCT	267917
GGCGA	513914
GGCGC	348043
GGCGG	455176
GGCGT	410968
GGCTA	217939
GGCTC	290693
GGCTG	377166
GGCTT	393960
GGGAA	443969
GGGAC	292840
GGGAG	336265
GGGAT	335339
GGGCA	290434
GGGCC	204888
GGGCG	335889
GGGCT	253388
GGGGA	307632
GGGGC	223673
GGGGG	233728
GGGGT	285913
GGGTA	260148
GGGTC	275955
GGGTG	374438
GGGTT	345028
GGTAA	352892
GGTAC	352690
GGTAG	325447
GGTAT	385649
GGTCA	430516
GGTCC	281383
GGTCG	515171
GGTCT	359374
GGTGA	505590
GGTGC	384890
GGTGG	463820
GGTGT	433772
GGTTA	281862
GGTTC	408580
GGTTG	526549
GGTTT	546609
GTAAA	547253
GTAAC	336720
GTAAG	365093
GTAAT	490613
GTACA	510544
GTACC	353589
GTACG	426132
GTACT	442179
GTAGA	459650
GTAGC	299666
GTAGG	262261
GTAGT	429411
GTATA	351722
GTATC	434367
GTATG	433480
GTATT	552205
GTCAA	663592
GTCAC	435024
GTCAG	432828
GTCAT	605544
GTCCA	484422
GTCCC	291139
GTCCG	424678
GTCCT	395965
GTCGA	783734
GTCGC	492922
GTCGG	527257
GTCGT	649651
GTCTA	329163
GTCTC	412497
GTCTG	444344
GTCTT	588467
GTGAA	561909
GTGAC	436743
GTGAG	355583
GTGAT	518070
GTGCA	446200
GTGCC	317832
GTGCG	405287
GTGCT	402169
GTGGA	473336
GTGGC	355581
GTGGG	314668
GTGGT	477440
GTGTA	362546
GTGTC	431678
GTGTG	398920
GTGTT	485609
GTTAA	387545
GTTAC	335443
GTTAG	270376
GTTAT	429397
GTTCA	607311
GTTCC	460891
GTTCG	568009
GTTCT	563953
GTTGA	755509
GTTGC	467774
GTTGG	520236
GTTGT	637415
GTTTA	458724
GTTTC	709708
GTTTG	675307
GTTTT	921026
TAAAA	934601
TAAAC	459724
TAAAG	449022
TAAAT	734761
TAACA	432945
TAACC	282307
TAACG	337615
TAACT	370808
TAAGA	403809
TAAGC	294102
TAAGG	270861
TAAGT	373611
TAATA	573557
TAATC	420167
TAATG	474732
TAATT	723599
TACAA	609059
TACAC	360313
TACAG	538708
TACAT	514249
TACCA	432026
TACCC	259126
TACCG	392977
TACCT	330823
TACGA	454862
TACGC	300651
TACGG	347823
TACGT	350935
TACTA	364214
TACTC	347003
TACTG	521024
TACTT	557171
TAGAA	547176
TAGAC	330151
TAGAG	322423
TAGAT	412637
TAGCA	302835
TAGCC	217974
TAGCG	251611
TAGCT	279493
TAGGA	276874
TAGGC	190083
TAGGG	182395
TAGGT	246845
TAGTA	364822
TAGTC	325453
TAGTG	332896
TAGTT	457198
TATAA	452452
TATAC	351683
TATAG	296388
TATAT	551038
TATCA	613316
TATCC	392257
TATCG	503779
TATCT	512275
TATGA	563571
TATGC	336609
TATGG	390782
TATGT	479470
TATTA	571490
TATTC	614492
TATTG	629975
TATTT	1016610
TCAAA	1034420
TCAAC	752590
TCAAG	598540
TCAAT	812503
TCACA	500743
TCACC	502366
TCACG	386773
TCACT	475070
TCAGA	556629
TCAGC	466854
TCAGG	354872
TCAGT	518700
TCATA	562429
TCATC	819160
TCATG	499327
TCATT	808632
TCCAA	678837
TCCAC	471488
TCCAG	467599
TCCAT	618680
TCCCA	400060
TCCCC	304830
TCCCG	353613
TCCCT	338584
TCCGA	538544
TCCGC	423107
TCCGG	385890
TCCGT	523244
TCCTA	275657
TCCTC	589618
TCCTG	416702
TCCTT	606880
TCGAA	868746
TCGAC	784021
TCGAG	553889
TCGAT	761528
TCGCA	468229
TCGCC	513279
TCGCG	467707
TCGCT	450962
TCGGA	540410
TCGGC	534150
TCGGG	350431
TCGGT	534535
TCGTA	455176
TCGTC	841109
TCGTG	435534
TCGTT	670313
TCTAA	406912
TCTAC	457060
TCTAG	256765
TCTAT	487697
TCTCA	507716
TCTCC	517873
TCTCG	499164
TCTCT	526332
TCTGA	555822
TCTGC	495172
TCTGG	411316
TCTGT	586845
TCTTA	402203
TCTTC	1005469
TCTTG	605505
TCTTT	884222
TGAAA	1093220
TGAAC	608464
TGAAG	774781
TGAAT	691292
TGACA	611769
TGACC	430172
TGACG	624350
TGACT	475464
TGAGA	510125
TGAGC	399748
TGAGG	413940
TGAGT	411355
TGATA	613751
TGATC	581611
TGATG	725704
TGATT	713954
TGCAA	612447
TGCAC	445940
TGCAG	494693
TGCAT	487943
TGCCA	422644
TGCCC	289873
TGCCG	443037
TGCCT	320464
TGCGA	469287
TGCGC	416318
TGCGG	393667
TGCGT	397672
TGCTA	301962
TGCTC	450756
TGCTG	526446
TGCTT	545079
TGGAA	740008
TGGAC	487030
TGGAG	485193
TGGAT	529977
TGGCA	422581
TGGCC	357733
TGGCG	475575
TGGCT	371275
TGGGA	403105
TGGGC	309776
TGGGG	295931
TGGGT	359531
TGGTA	432628
TGGTC	497259
TGGTG	546437
TGGTT	550597
TGTAA	547615
TGTAC	510294
TGTAG	434429
TGTAT	535618
TGTCA	609730
TGTCC	472687
TGTCG	663373
TGTCT	497594
TGTGA	502810
TGTGC	431840
TGTGG	418848
TGTGT	467797
TGTTA	431670
TGTTC	689490
TGTTG	724413
TGTTT	831699
TTAAA	814660
TTAAC	386848
TTAAG	373970
TTAAT	638792
TTACA	546137
TTACC	353268
TTACG	351989
TTACT	483696
TTAGA	405991
TTAGC	251632
TTAGG	213974
TTAGT	372858
TTATA	451965
TTATC	549465
TTATG	460852
TTATT	872652
TTCAA	1096308
TTCAC	559643
TTCAG	625847
TTCAT	875163
TTCCA	739404
TTCCC	440205
TTCCG	578321
TTCCT	633221
TTCGA	869004
TTCGC	511792
TTCGG	562538
TTCGT	715025
TTCTA	545023
TTCTC	684984
TTCTG	686026
TTCTT	1072187
TTGAA	1098697
TTGAC	665650
TTGAG	575656
TTGAT	866804
TTGCA	612420
TTGCC	420477
TTGCG	499328
TTGCT	539085
TTGGA	680117
TTGGC	485402
TTGGG	405063
TTGGT	603782
TTGTA	609975
TTGTC	718986
TTGTG	552702
TTGTT	886170
TTTAA	814772
TTTAC	545763
TTTAG	422295
TTTAT	795079
TTTCA	1090161
TTTCC	793898
TTTCG	867648
TTTCT	1027788
TTTGA	1036574
TTTGC	631225
TTTGG	671593
TTTGT	879211
TTTTA	935981
TTTTC	1315646
TTTTG	1127503
TTTTT	1653802
